{
    "id": {
        "mapping_status": {
            "is_complete": false
        },
        "sirius_details": {
            "is_pk": "",
            "fk_parents": ""
        },
        "transform_casrec": {
            "casrec_table": "",
            "casrec_column_name": "",
            "alias": "",
            "requires_transformation": "",
            "lookup_table": "",
            "default_value": "",
            "calculated": ""
        }
    },
    "person_id": {
        "mapping_status": {
            "is_complete": false
        },
        "sirius_details": {
            "is_pk": "",
            "fk_parents": ""
        },
        "transform_casrec": {
            "casrec_table": "",
            "casrec_column_name": "",
            "alias": "",
            "requires_transformation": "",
            "lookup_table": "",
            "default_value": "",
            "calculated": ""
        }
    },
    "address_lines": {
        "mapping_status": {
            "is_complete": false
        },
        "sirius_details": {
            "is_pk": "",
            "fk_parents": ""
        },
        "transform_casrec": {
            "casrec_table": "",
            "casrec_column_name": "",
            "alias": "",
            "requires_transformation": "",
            "lookup_table": "",
            "default_value": "",
            "calculated": ""
        }
    },
    "town": {
        "mapping_status": {
            "is_complete": false
        },
        "sirius_details": {
            "is_pk": "",
            "fk_parents": ""
        },
        "transform_casrec": {
            "casrec_table": "",
            "casrec_column_name": "",
            "alias": "",
            "requires_transformation": "",
            "lookup_table": "",
            "default_value": "",
            "calculated": ""
        }
    },
    "county": {
        "mapping_status": {
            "is_complete": false
        },
        "sirius_details": {
            "is_pk": "",
            "fk_parents": ""
        },
        "transform_casrec": {
            "casrec_table": "",
            "casrec_column_name": "",
            "alias": "",
            "requires_transformation": "",
            "lookup_table": "",
            "default_value": "",
            "calculated": ""
        }
    },
    "postcode": {
        "mapping_status": {
            "is_complete": false
        },
        "sirius_details": {
            "is_pk": "",
            "fk_parents": ""
        },
        "transform_casrec": {
            "casrec_table": "",
            "casrec_column_name": "",
            "alias": "",
            "requires_transformation": "",
            "lookup_table": "",
            "default_value": "",
            "calculated": ""
        }
    },
    "isairmailrequired": {
        "mapping_status": {
            "is_complete": false
        },
        "sirius_details": {
            "is_pk": "",
            "fk_parents": ""
        },
        "transform_casrec": {
            "casrec_table": "",
            "casrec_column_name": "",
            "alias": "",
            "requires_transformation": "",
            "lookup_table": "",
            "default_value": "",
            "calculated": ""
        }
    }
}