{
    "id": {
        "mapping_status": {
            "is_complete": true
        },
        "sirius_details": {
            "is_pk": true,
            "fk_parents": ""
        },
        "transform_casrec": {
            "casrec_table": "",
            "casrec_column_name": "",
            "alias": "",
            "requires_transformation": "",
            "lookup_table": "",
            "default_value": "",
            "calculated": ""
        }
    },
    "financial_information_id": {
        "mapping_status": {
            "is_complete": false
        },
        "sirius_details": {
            "is_pk": "",
            "fk_parents": "supervision_reporting__financial_information:id"
        },
        "transform_casrec": {
            "casrec_table": "",
            "casrec_column_name": "",
            "alias": "",
            "requires_transformation": "",
            "lookup_table": "",
            "default_value": "",
            "calculated": ""
        }
    },
    "importid": {
        "mapping_status": {
            "is_complete": false
        },
        "sirius_details": {
            "is_pk": "",
            "fk_parents": ""
        },
        "transform_casrec": {
            "casrec_table": "",
            "casrec_column_name": "",
            "alias": "",
            "requires_transformation": "",
            "lookup_table": "",
            "default_value": "",
            "calculated": ""
        }
    },
    "type": {
        "mapping_status": {
            "is_complete": false
        },
        "sirius_details": {
            "is_pk": "",
            "fk_parents": ""
        },
        "transform_casrec": {
            "casrec_table": "",
            "casrec_column_name": "",
            "alias": "",
            "requires_transformation": "",
            "lookup_table": "",
            "default_value": "",
            "calculated": ""
        }
    },
    "description": {
        "mapping_status": {
            "is_complete": false
        },
        "sirius_details": {
            "is_pk": "",
            "fk_parents": ""
        },
        "transform_casrec": {
            "casrec_table": "",
            "casrec_column_name": "",
            "alias": "",
            "requires_transformation": "",
            "lookup_table": "",
            "default_value": "",
            "calculated": ""
        }
    },
    "amount_amount": {
        "mapping_status": {
            "is_complete": false
        },
        "sirius_details": {
            "is_pk": "",
            "fk_parents": ""
        },
        "transform_casrec": {
            "casrec_table": "",
            "casrec_column_name": "",
            "alias": "",
            "requires_transformation": "",
            "lookup_table": "",
            "default_value": "",
            "calculated": ""
        }
    },
    "reference": {
        "mapping_status": {
            "is_complete": false
        },
        "sirius_details": {
            "is_pk": "",
            "fk_parents": ""
        },
        "transform_casrec": {
            "casrec_table": "",
            "casrec_column_name": "",
            "alias": "",
            "requires_transformation": "",
            "lookup_table": "",
            "default_value": "",
            "calculated": ""
        }
    }
}