{
    "C": {
        "sirius_mapping": "Civil Partnership"
    },
    "M": {
        "sirius_mapping": "Married"
    },
    "W": {
        "sirius_mapping": "Widowed"
    },
    "S": {
        "sirius_mapping": "Single"
    },
    "D": {
        "sirius_mapping": "Divorced"
    },
    "X": {
        "sirius_mapping": "Other"
    },
    "H": {
        "sirius_mapping": "Co-habiting"
    },
    "P": {
        "sirius_mapping": "Separated"
    },
    "N": {
        "sirius_mapping": "Not Stated"
    }
}
