{
    "id": {
        "mapping_status": {
            "is_complete": true
        },
        "sirius_details": {
            "is_pk": true,
            "fk_parents": ""
        },
        "transform_casrec": {
            "casrec_table": "",
            "casrec_column_name": "",
            "alias": "",
            "requires_transformation": "",
            "lookup_table": "",
            "default_value": "",
            "calculated": ""
        }
    },
    "name": {
        "mapping_status": {
            "is_complete": false
        },
        "sirius_details": {
            "is_pk": "",
            "fk_parents": ""
        },
        "transform_casrec": {
            "casrec_table": "",
            "casrec_column_name": "",
            "alias": "",
            "requires_transformation": "",
            "lookup_table": "",
            "default_value": "",
            "calculated": ""
        }
    },
    "oneoffvalue": {
        "mapping_status": {
            "is_complete": false
        },
        "sirius_details": {
            "is_pk": "",
            "fk_parents": ""
        },
        "transform_casrec": {
            "casrec_table": "",
            "casrec_column_name": "",
            "alias": "",
            "requires_transformation": "",
            "lookup_table": "",
            "default_value": "",
            "calculated": ""
        }
    },
    "telephonenumber": {
        "mapping_status": {
            "is_complete": false
        },
        "sirius_details": {
            "is_pk": "",
            "fk_parents": ""
        },
        "transform_casrec": {
            "casrec_table": "",
            "casrec_column_name": "",
            "alias": "",
            "requires_transformation": "",
            "lookup_table": "",
            "default_value": "",
            "calculated": ""
        }
    },
    "emailaddress": {
        "mapping_status": {
            "is_complete": false
        },
        "sirius_details": {
            "is_pk": "",
            "fk_parents": ""
        },
        "transform_casrec": {
            "casrec_table": "",
            "casrec_column_name": "",
            "alias": "",
            "requires_transformation": "",
            "lookup_table": "",
            "default_value": "",
            "calculated": ""
        }
    },
    "webaddress": {
        "mapping_status": {
            "is_complete": false
        },
        "sirius_details": {
            "is_pk": "",
            "fk_parents": ""
        },
        "transform_casrec": {
            "casrec_table": "",
            "casrec_column_name": "",
            "alias": "",
            "requires_transformation": "",
            "lookup_table": "",
            "default_value": "",
            "calculated": ""
        }
    },
    "uid": {
        "mapping_status": {
            "is_complete": false
        },
        "sirius_details": {
            "is_pk": "",
            "fk_parents": ""
        },
        "transform_casrec": {
            "casrec_table": "",
            "casrec_column_name": "",
            "alias": "",
            "requires_transformation": "",
            "lookup_table": "",
            "default_value": "",
            "calculated": ""
        }
    }
}
