{
    "id": {
        "mapping_status": {
            "is_complete": true
        },
        "sirius_details": {
            "is_pk": true,
            "fk_parents": ""
        },
        "transform_casrec": {
            "casrec_table": "",
            "casrec_column_name": "",
            "alias": "",
            "requires_transformation": "",
            "lookup_table": "",
            "default_value": "",
            "calculated": ""
        }
    },
    "person_id": {
        "mapping_status": {
            "is_complete": true
        },
        "sirius_details": {
            "is_pk": "",
            "fk_parents": "persons:id"
        },
        "transform_casrec": {
            "casrec_table": "",
            "casrec_column_name": "",
            "alias": "",
            "requires_transformation": "",
            "lookup_table": "",
            "default_value": "",
            "calculated": ""
        }
    },
    "address_lines": {
        "mapping_status": {
            "is_complete": true
        },
        "sirius_details": {
            "is_pk": "",
            "fk_parents": ""
        },
        "transform_casrec": {
            "casrec_table": "PAT",
            "casrec_column_name": [
                "Adrs1",
                "Adrs2"
            ],
            "alias": [
                "Adrs1",
                "Adrs2"
            ],
            "requires_transformation": "squash_columns",
            "lookup_table": "",
            "default_value": "",
            "calculated": ""
        }
    },
    "town": {
        "mapping_status": {
            "is_complete": true
        },
        "sirius_details": {
            "is_pk": "",
            "fk_parents": ""
        },
        "transform_casrec": {
            "casrec_table": "PAT",
            "casrec_column_name": "Adrs3",
            "alias": "Adrs3",
            "requires_transformation": "",
            "lookup_table": "",
            "default_value": "",
            "calculated": ""
        }
    },
    "county": {
        "mapping_status": {
            "is_complete": true
        },
        "sirius_details": {
            "is_pk": "",
            "fk_parents": ""
        },
        "transform_casrec": {
            "casrec_table": "PAT",
            "casrec_column_name": "Adrs4",
            "alias": "Adrs4",
            "requires_transformation": "",
            "lookup_table": "",
            "default_value": "",
            "calculated": ""
        }
    },
    "postcode": {
        "mapping_status": {
            "is_complete": true
        },
        "sirius_details": {
            "is_pk": "",
            "fk_parents": ""
        },
        "transform_casrec": {
            "casrec_table": "PAT",
            "casrec_column_name": "Postcode",
            "alias": "Postcode",
            "requires_transformation": "",
            "lookup_table": "",
            "default_value": "",
            "calculated": ""
        }
    },
    "country": {
        "mapping_status": {
            "is_complete": true
        },
        "sirius_details": {
            "is_pk": "",
            "fk_parents": ""
        },
        "transform_casrec": {
            "casrec_table": "PAT",
            "casrec_column_name": "Adrs5",
            "alias": "Adrs5",
            "requires_transformation": "",
            "lookup_table": "",
            "default_value": "",
            "calculated": ""
        }
    },
    "type": {
        "mapping_status": {
            "is_complete": true
        },
        "sirius_details": {
            "is_pk": "",
            "fk_parents": ""
        },
        "transform_casrec": {
            "casrec_table": "",
            "casrec_column_name": "",
            "alias": "",
            "requires_transformation": "",
            "lookup_table": "",
            "default_value": "Primary",
            "calculated": ""
        }
    },
    "isairmailrequired": {
        "mapping_status": {
            "is_complete": true
        },
        "sirius_details": {
            "is_pk": "",
            "fk_parents": ""
        },
        "transform_casrec": {
            "casrec_table": "PAT",
            "casrec_column_name": "Foreign",
            "alias": "Foreign",
            "requires_transformation": "convert_to_bool",
            "lookup_table": "",
            "default_value": "",
            "calculated": ""
        }
    }
}
