{
    "id": {
        "mapping_status": {
            "is_complete": true
        },
        "sirius_details": {
            "is_pk": true,
            "fk_parents": ""
        },
        "transform_casrec": {
            "casrec_table": "",
            "casrec_column_name": "",
            "alias": "",
            "requires_transformation": "",
            "lookup_table": "",
            "default_value": "",
            "calculated": ""
        }
    },
    "person_id": {
        "mapping_status": {
            "is_complete": true
        },
        "sirius_details": {
            "is_pk": "",
            "fk_parents": "persons:id"
        },
        "transform_casrec": {
            "casrec_table": "",
            "casrec_column_name": "",
            "alias": "",
            "requires_transformation": "",
            "lookup_table": "",
            "default_value": "",
            "calculated": ""
        }
    },
    "phone_number": {
        "mapping_status": {
            "is_complete": true
        },
        "sirius_details": {
            "is_pk": "",
            "fk_parents": ""
        },
        "transform_casrec": {
            "casrec_table": "PAT",
            "casrec_column_name": "Client Phone",
            "alias": "Client Phone",
            "requires_transformation": "",
            "lookup_table": "",
            "default_value": "",
            "calculated": ""
        }
    },
    "type": {
        "mapping_status": {
            "is_complete": true
        },
        "sirius_details": {
            "is_pk": "",
            "fk_parents": ""
        },
        "transform_casrec": {
            "casrec_table": "",
            "casrec_column_name": "",
            "alias": "",
            "requires_transformation": "",
            "lookup_table": "",
            "default_value": "Home",
            "calculated": ""
        }
    },
    "is_default": {
        "mapping_status": {
            "is_complete": true
        },
        "sirius_details": {
            "is_pk": "",
            "fk_parents": ""
        },
        "transform_casrec": {
            "casrec_table": "",
            "casrec_column_name": "",
            "alias": "",
            "requires_transformation": "",
            "lookup_table": "",
            "default_value": false,
            "calculated": ""
        }
    },
    "updateddate": {
        "mapping_status": {
            "is_complete": true
        },
        "sirius_details": {
            "is_pk": "",
            "fk_parents": ""
        },
        "transform_casrec": {
            "casrec_table": "",
            "casrec_column_name": "",
            "alias": "",
            "requires_transformation": "",
            "lookup_table": "",
            "default_value": "",
            "calculated": "current_date"
        }
    }
}
