{
    "pa_id": {
        "mapping_status": {
            "is_complete": true
        },
        "sirius_details": {
            "is_pk": true,
            "fk_parents": "cases:id"
        },
        "transform_casrec": {
            "casrec_table": "",
            "casrec_column_name": "",
            "alias": "",
            "requires_transformation": "",
            "lookup_table": "",
            "default_value": "",
            "calculated": ""
        }
    },
    "notified_person_id": {
        "mapping_status": {
            "is_complete": true
        },
        "sirius_details": {
            "is_pk": true,
            "fk_parents": "persons:id"
        },
        "transform_casrec": {
            "casrec_table": "",
            "casrec_column_name": "",
            "alias": "",
            "requires_transformation": "",
            "lookup_table": "",
            "default_value": "",
            "calculated": ""
        }
    }
}
